{"cameraMode":{"drawMode":0,"name":"Shaded","section":"Shading Mode"},"sceneLighting":false,"audioPlay":false,"sceneViewState":{"m_AlwaysRefresh":false,"showFog":true,"showSkybox":false,"showFlares":true,"showImageEffects":true,"showParticleSystems":true,"showVisualEffectGraphs":true,"m_FxEnabled":true},"in2DMode":false,"pivot":{"x":-17.881702423095704,"y":0.7200000286102295,"z":-29.23690414428711},"rotation":{"x":-0.007506934460252523,"y":-0.9904709458351135,"z":-0.06222505494952202,"w":0.12608158588409425},"size":1.0586893558502198,"orthographic":false}