{"cameraMode":{"drawMode":0,"name":"Shaded","section":"Shading Mode"},"sceneLighting":true,"audioPlay":false,"sceneViewState":{"m_AlwaysRefresh":false,"showFog":true,"showSkybox":true,"showFlares":true,"showImageEffects":true,"showParticleSystems":true,"showVisualEffectGraphs":true,"m_FxEnabled":true},"in2DMode":false,"pivot":{"x":-21.47901725769043,"y":2.151768445968628,"z":-29.612417221069337},"rotation":{"x":0.04301566630601883,"y":-0.6827832460403442,"z":0.040095940232276919,"w":0.7289024591445923},"size":3.3389623165130617,"orthographic":false}